Incubyte	College	Domain	Date	OA_Question_Paper
ProcDNA	NIT Jamshedpur +Durgapur + VNIT NAGPUR			procdna.pdf
Meesho	NIT Bhopal + Suratkal+ Raipur +Durgapur
Infoedge	NIT Calicut + NIT Allahabad
Ion Group	NIT Calicut + NIT Allahabad
Delloite	VNIT NAGPUR + IIEST Shibpur + IIT GUWAHATI			Delloite OA
Texas	NSUT + NIT Allahabad
INCREFF	NIT Calicut + NIT SRINAGAR
Eternal(Zomato)	NSUT + NIT Allahabad			https://docs.google.com/document/d/1Eh5PD4CnvMfkfrxv7hdezcT9jUV8nmM5hR3iAvkbw_k/edit?usp=sharing
British Petrolium	IIT R + NIT Agartala
Fanatics	NIT Raipur
Meesho	NIT Bhopal  +NIT Suratkal +Raipur + NIT kurukshetra , IIIT ALLAHABAD			https://docs.google.com/document/d/1Eh5PD4CnvMfkfrxv7hdezcT9jUV8nmM5hR3iAvkbw_k/edit?usp=sharing	https://drive.google.com/file/d/1g9amfIRkdfcvHMwJgyTXMAVVRl8WtNan/view?usp=drivesdk
Amazon
MicroSoft
Sprinklr	IIIT Allahabad
HSBC	NSUT + nit kurukshetra
Flipkart	NIT Allahabad			https://drive.google.com/file/d/1TYIsZTMK11azJTKbdw3B5dIfa4cWefIq/view?usp=sharing
Schneider
Atlas
Cosco
PhonePay	NIT Agartala+ NIT K (sde role) + NIT Allahabad + NIT Raipur
FutureFirst	NIT Silcher+ Agartala+ Raipur+ Bhopal + NIT ALLAHABAD			https://drive.google.com/file/d/1u1TsH2J6PnJPL23oTt79N0VmaMFj5lWy/view?usp=drive_link	NIT  ALLAHABAD(68 question ,33 minute)		https://drive.google.com/file/d/10hUoU9TCuHe9LPZ7Q1y-V7EUFWC8-Q21/view?usp=drivesdk
TI	NIT Durgapur + NIT Raipur
MAKE MY TRIP	NIT SRINAGAR + Agartala+ Raipur  + NIT kurukshetra + NIT Raipur  + NIT Allahabad			Make my trip
"Leap finance:- tech/program/product intern
Future first:- financial market intern
Ozi:- full stack developer/ backend /flutter/product intern
TMRW:- sde
Schlumberger:- core/data analyst
Eaton:- refer jd
Sigmoid:- sde trainee/data engineer
Hindustan Unilever Ltd:- supply chain management
Meesho:- data scientist/sde / business analyst
Dp world:- sde"	NIT Jamshedpur
qualcomm 	NIT Calicut + NIT Allahabad 			60 question -- 3 section -- 20 question 30 minute per section, MCQ Aptitude ,programming, CS fundamental
"Rocol (Software Engineer)
Procol (Software Engineer)
Meesho (SDE-I ,Data Scientist I,Business Analyst I)
MathWorks India Private Ltd
Lumber (Full-Stack Developer Role)"	IIIT ALLAHABAD
Media.net	NIT Agartala+ Silchar + NIT Allahabad			https://drive.google.com/drive/folders/18waNO766mEbKsguGjOabwUJrK5Y3PpZ7?usp=drive_link
Oracle PYQs 2025+2024 Batch 	NIT Sringar 			oracle
PhonePay	Nit Agartala + NIT Allahabad , IIIT ALLAHABA			https://docs.google.com/document/d/1Eh5PD4CnvMfkfrxv7hdezcT9jUV8nmM5hR3iAvkbw_k/edit?usp=sharing	https://drive.google.com/drive/folders/1e-3ArqdbrDXuQSxvWbGxgBE_x3KFC25Q
Wells Fargo 	nit Kurukshetra
uber				https://drive.google.com/file/d/1RQ135sf2BCXmOgsFe1HxSlLtGQChBlJ1/view?usp=drivesdk
Axxela 			Axxela
			https://drive.google.com/drive/folders/1_R3Q8HQzR-htcWttPfWJcA2VQ08Ix3bt
ProcDNA, accordion-Data engineering	Nit kurukshetra
BlackRock	NIT Raipur 			https://drive.google.com/drive/folders/1VWDBWyqPVPUmsJTHg6a8hAQd6wVa1r3O
ZS Associates 	NIT Raipur 			https://drive.google.com/file/d/17MuTzzWNnKBxC_p1VW28DvIBs9MUu8Rm/view?usp=drive_link	https://drive.google.com/drive/folders/1fbBnTE-Ug01vKcilwlqJbk67xO3EAi_g
Auxia Software	NIT Allahabad
SAP LABS	NIT Calicut
ClearTrip	NIT Calicut
GamesCraft
Probo
Merilytics
	NIT Manipur
HSBC
ZETA
Okta	NITK			Simple 4 implementation based question.
Mu Sigma 	NIT Agartala 			https://drive.google.com/drive/folders/1uZUd8NlxtfbIipR22dpuAQd4Fow_AjH1
Deutsche Bank				https://docs.google.com/document/d/1EkkYR4jS79vTwt8HHcUV_DjpTDVBGALtLfm1RUQkNJE/edit?usp=drivesdk
Mathworks 	NIT Agartala			Mathworks
Sigmoid	Nit Agartala			https://drive.google.com/drive/folders/1uZUd8NlxtfbIipR22dpuAQd4Fow_AjH1
ProcDNA (analytics) +seimens +zanskar + poleciy bazar + trilogy + 	NSUT
ICICI	NIT JAMSHEDPUR+NIT Durgapur + IIEST Shibpur			https://drive.google.com/file/d/1_1HhDawXtPf4njpebyx6fkTiGoX_ljq9/view?usp=drivesdk
FLIPKART	NIT JAMSHEDPUR			https://drive.google.com/file/d/1fE_1q44uxoIW8indXTMzQAhdkz2TJY5i/view?usp=drivesdk
UKG	NSUT			https://drive.google.com/drive/folders/12TKsKYdXwloBzZAsWgjTWg5XZtoN2aGi	https://drive.google.com/drive/folders/13uAiLyjtzuv-P7YRJWrQSlWlTszLQWOt
Optum				https://docs.google.com/document/d/1J9vyudDCltYUtzacqodnp6POMRki-0bUzvmxsUigmeA/edit?usp=sharing
Reliance
JSW	Nit Bhopal			https://drive.google.com/file/d/1VMWydBiexqpqzIEFOtoPZpThWQ2JNIdo/view?usp=drivesdk
MAQ	nit Agartala			https://drive.google.com/drive/folders/1g04602nhJtEZeNYYmq97AklyxtKp3_f1
CynLr+Piramal+Quicksell+UKG+sixt+Inmobi+Porter+Reliance	MNIT Allahabad
Sixt				https://drive.google.com/drive/folders/1ZnHT37Nf6GSjeN5_1C9ehBHrFbsRgBCG
Porter				https://drive.google.com/drive/folders/1q7HcxjuGXpH5QeTj7PgMwLQE6xCqR_mx
ICICI BANK				https://drive.google.com/drive/folders/1aSeX1BTDGpFXZ56r80Vlhz7e6KSQxInj
Accenture
Accordian	IIEST Shibpur
L& T
AECOM
reliance				https://drive.google.com/drive/folders/13fD3rEFF3k4z1n8Musb17JTCXwnipf7r
Exl	NIT Bhopal			https://drive.google.com/drive/folders/12NukTJm0YQcC3yFlpsY8ZA3YavrksbgP
Impact Analystics
Protium				https://drive.google.com/file/d/1mTTQx24FJcWk5nn77tE7zuSfFlYPg1Io/view?usp=drivesdk
Wex Fintech	IIT GUWAHATI			https://docs.google.com/document/d/1yl780P1I0QjtGUhpr6Jo3o0OWQmVORvuZoGbNa6k54Y/edit?usp=sharing
teraDATA	IIT GUWAHATI
indus insight -analyst	IIT GUWAHATI			https://drive.google.com/file/d/1yaZcQ_BqKhGi6VSHxot4tT4KjjE1_2rz/view?usp=sharing
Square Point	IIT GUWAHATI
accenture japan	IIT GUWAHATI			https://drive.google.com/drive/folders/1E9_B86-8RCQAMZtK_KTeo2VSsQk6SkT7	https://drive.google.com/file/d/1UBgunNrh6elBceuwUmoQnRkjGI9CHJ1P/view?usp=drive_link	https://drive.google.com/drive/u/0/folders/1y43aHY39YirGA-5KSg7Tym7REQzYsrW7
infoedge	IIT GUWAHATI			https://drive.google.com/file/d/10zgYqrCc8zN3vuBCcZAB6KunhYML_JGw/view?usp=drive_link	https://drive.google.com/file/d/1-F8REWiToQf6_iA2LFvQAgajARQ-ycIt/view?usp=drive_link	other resource
Meesho (data scientist)	IIT GUWAHATI		31/10/2025	https://drive.google.com/drive/folders/1V4-rlaprvu-rA7LrR0rOeZgZByp-Bvcs?usp=sharing	same question were repeated
Axxela	IIT GUWAHATI		01/11/2025	https://drive.google.com/drive/folders/1_R3Q8HQzR-htcWttPfWJcA2VQ08Ix3bt	Axxela - Google Drive		questions matched 60%+
media.net	IIT GUWAHATI		05-11-2025	https://drive.google.com/file/d/1pZLMT6NBrHiF2dGYhRmfpoO0NRtwuu11/view?usp=drive_link	https://drive.google.com/file/d/1b4xA6SUF5MeXGKvnfIbho4S6B63vR9aI/view?usp=drive_link	https://drive.google.com/file/d/1tLv5IntlurXPNKmOm9yxLgKDdY98mFAu/view?usp=sharing
Accordion,NxtWave,accenture japan,accenture india,google,Deutsche India Private Limited,Deloitte,NoBroker Technologies Solutions Pvt Ltd,Denso,hilab,mastercard,mathwork	IIT GUWAHATI
DEZERV	IIT GUWAHATI		12-11-2025	https://drive.google.com/file/d/1_yFBN9Mb1BRIOPboMS4U0SPYfseI2EH7/view?usp=sharing	same questions asked
Reliance	IIT GUWAHATI		14-11-2025	https://drive.google.com/drive/folders/1h1MJtjmVOLf60KPpiS-hwsuSEZ6jCi69?usp=drive_link	https://drive.google.com/file/d/1TRF6B7YTiB4xXueq-wBmMHs_GmRsQHKY/view?usp=sharing	30-50% matched and aptitude are mostly similar
VVF	IIT GUWAHATI
Eternal (business Analyst)	IIT GUWAHATI			3 SQL  for 45 minutes , 2 Python opjective types for 5 minutes , 20 statistics  objective type for 25 minutes; total duration 75 minutes ; SQL questions 1 was question was based on transaction ID given and sender  recevier given we have to find the total sum amout of sender and recevier you have to use group by bcz there was multiple transaction id was there  by a single user  2nd question based on you have to join 3-4 table  you have to use conditions for that and also you have to group by
Aditya Birla Group
TCS
TCE
ixana	IIT KHARAGPUR
